hours,high,low,average,open,close
21,6627.1,6605.0,6612.70088019785,6606.9,6627.0
22,6625.0,6585.3,6609.676214855314,6610.1,6610.1
