hours,high,low,average,open,close
21,9.0397,8.98059724,9.004371624186046,8.999,9.0152
22,9.01,8.952,8.987192315261195,9.001,9.001
