hours,high,low,average,open,close
21,16.718,16.21,16.450725071225072,16.605,16.259
22,16.671,16.518,16.613315960912054,16.557000000000002,16.557000000000002
