hours,high,low,average,open,close
21,88.43,85.73,86.97557547169811,87.155,85.743
22,87.376,86.708,87.03861490683231,87.177,87.177
