hours,high,low,average,open,close
18,6625.6,6604.26417057,6610.253873502995,6622.0,6618.0
